WELL,MD,TVD,DX,DY
DEMO_WELL,1000.0,1000.0,0.0,0.0
DEMO_WELL,1010.0,1009.8,1.2,0.8
DEMO_WELL,1020.0,1019.6,2.4,1.6
DEMO_WELL,1030.0,1029.4,3.5999999999999996,2.4
DEMO_WELL,1040.0,1039.2,4.8,3.2
DEMO_WELL,1050.0,1049.0,6.0,4.0
DEMO_WELL,1060.0,1058.8,7.199999999999999,4.8
DEMO_WELL,1070.0,1068.6,8.4,5.6000000000000005
DEMO_WELL,1080.0,1078.4,9.6,6.4
DEMO_WELL,1090.0,1088.2,10.799999999999999,7.2
DEMO_WELL,1100.0,1098.0,12.0,8.0
